t,class,conf,area,infer_ms,e2e_ms,fired
1783028627.572,,,,132.6,137.5,
1783028627.705,,,,54.2,88.3,
1783028627.759,,,,53.8,87.7,
1783028627.813,,,,53.9,98.1,
1783028627.868,,,,48.6,95.5,
1783028627.917,,,,45.7,90.3,
1783028627.962,,,,47.4,84.0,
1783028628.010,,,,46.2,77.5,
1783028628.056,,,,47.9,75.9,
1783028628.104,,,,47.0,73.0,
1783028628.151,,,,36.6,57.6,
1783028628.187,,,,51.7,60.7,
1783028628.239,,,,47.1,57.1,
1783028628.287,,,,51.6,57.7,
1783028628.339,,,,51.7,56.9,
1783028628.390,,,,54.2,63.2,
1783028628.445,,,,48.9,56.9,
1783028628.494,,,,50.0,57.6,
1783028628.544,,,,48.7,56.7,
1783028628.592,,,,57.5,60.5,
1783028628.650,,,,52.9,65.8,
1783028628.704,,,,51.9,70.2,
1783028628.756,,,,51.3,71.8,
1783028628.807,,,,53.5,71.6,
1783028628.861,,,,48.3,69.3,
1783028628.910,,,,52.0,73.2,
1783028628.962,,,,51.9,71.9,
1783028629.014,,,,55.4,75.4,
1783028629.069,,,,50.8,76.8,
1783028629.120,,,,49.6,76.5,
1783028629.170,,,,49.3,78.3,
1783028629.219,,,,51.7,76.7,
1783028629.271,,,,49.6,76.6,
1783028629.320,,,,48.2,76.5,
1783028629.368,,,,57.0,78.5,
1783028629.425,,,,51.4,78.4,
1783028629.477,,,,52.6,79.6,
1783028629.529,,,,56.2,85.8,
1783028629.586,,,,55.2,89.2,
1783028629.642,,,,54.2,91.4,
1783028629.696,,,,49.2,91.4,
1783028629.745,,,,52.3,93.5,
1783028629.798,,,,53.3,97.2,
1783028629.851,,,,54.7,100.7,
1783028629.905,,,,53.1,54.1,
1783028629.960,,,,50.8,55.8,
1783028630.010,,,,48.9,51.9,
1783028630.059,,,,48.0,50.4,
1783028630.113,,,,53.6,58.6,
1783028630.167,,,,46.0,53.0,
1783028630.213,,,,50.9,54.9,
1783028630.264,,,,54.6,58.7,
1783028630.318,,,,52.7,60.7,
1783028630.371,,,,50.0,60.7,
1783028630.421,,,,53.4,61.8,
1783028630.474,,,,49.0,59.1,
1783028630.523,,,,52.0,59.0,
1783028630.575,,,,51.9,64.9,
1783028630.627,,,,53.3,67.3,
1783028630.680,,,,49.0,66.3,
1783028630.729,,,,51.2,65.1,
1783028630.782,,,,50.4,69.4,
1783028630.832,,,,68.0,82.4,
1783028630.900,,,,51.9,86.8,
1783028630.953,,,,51.5,83.1,
1783028631.004,,,,52.4,86.9,
1783028631.057,,,,54.5,94.7,
1783028631.111,,,,54.8,89.8,
1783028631.166,,,,56.1,95.9,
1783028631.222,,,,59.1,110.2,
1783028631.282,,,,64.6,67.8,
1783028631.347,,,,65.4,80.9,
1783028631.412,,,,67.2,96.2,
1783028631.480,,,,69.0,71.0,
1783028631.549,,,,66.8,83.8,
1783028631.615,,,,67.8,102.4,
1783028631.684,,,,64.6,67.6,
1783028631.750,,,,67.4,84.4,
1783028631.817,,,,71.0,103.2,
1783028631.888,,,,69.0,127.4,
1783028631.957,,,,64.4,90.3,
1783028632.023,,,,65.3,106.5,
1783028632.089,,,,63.0,65.0,
1783028632.152,,,,63.6,79.6,
1783028632.216,,,,52.6,78.0,
1783028632.268,,,,59.0,86.1,
1783028632.327,,,,48.3,86.3,
1783028632.375,,,,48.3,82.4,
1783028632.424,,,,45.9,79.0,
1783028632.470,,,,51.4,82.2,
1783028632.521,,,,46.7,76.2,
1783028632.568,,,,47.0,67.0,
1783028632.615,,,,46.5,66.5,
1783028632.661,,,,49.5,64.5,
1783028632.711,,,,51.5,69.0,
1783028632.762,,,,51.9,65.4,
1783028632.814,,,,55.0,71.0,
1783028632.869,,,,56.3,77.3,
1783028632.925,,,,53.6,82.4,
1783028632.979,,,,49.6,83.8,
1783028633.029,,,,51.1,82.7,
1783028633.080,,,,58.5,93.0,
1783028633.138,,,,53.8,93.4,
1783028633.192,,,,58.6,100.5,
1783028633.251,,,,53.3,102.3,
1783028633.304,,,,48.6,52.1,
1783028633.352,,,,53.4,53.4,
1783028633.406,,,,50.2,51.2,
1783028633.462,,,,46.7,51.8,
1783028633.509,,,,48.0,51.0,
1783028633.563,,,,47.0,53.3,
1783028633.611,,,,43.0,46.0,
1783028633.660,,,,48.3,50.9,
1783028633.714,,,,42.5,45.5,
1783028633.763,,,,44.5,50.0,
1783028633.820,,,,46.0,47.5,
1783028633.866,,,,44.5,52.5,
1783028633.917,,,,46.1,49.6,
1783028633.969,,,,44.6,49.7,
1783028634.019,,,,53.6,58.6,
1783028634.073,,,,47.7,53.9,
1783028634.120,,,,46.4,51.9,
1783028634.168,,,,44.0,48.3,
1783028634.223,,,,47.5,53.0,
1783028634.271,,,,46.0,49.0,
1783028634.322,,,,54.3,57.8,
1783028634.376,,,,53.6,64.2,
1783028634.431,,,,53.5,68.0,
1783028634.485,,,,53.8,70.9,
1783028634.538,,,,47.0,68.1,
1783028634.586,,,,42.2,59.3,
1783028634.629,,,,49.7,55.7,
1783028634.678,,,,43.5,49.5,
1783028634.728,,,,45.0,48.5,
1783028634.778,,,,47.6,49.1,
1783028634.832,,,,49.3,54.7,
1783028634.882,,,,52.1,57.1,
1783028634.934,,,,46.9,51.3,
1783028634.981,,,,50.6,53.0,
1783028635.032,,,,49.9,50.9,
1783028635.088,,,,45.7,50.7,
1783028635.134,,,,46.3,50.3,
1783028635.186,,,,47.3,48.3,
1783028635.239,,,,44.8,50.1,
1783028635.289,,,,54.3,59.3,
1783028635.344,,,,50.9,61.0,
1783028635.395,,,,44.3,53.3,
1783028635.439,,,,42.9,48.8,
1783028635.488,,,,45.8,46.3,
1783028635.539,,,,45.0,48.0,
1783028635.591,,,,47.0,50.5,
1783028635.643,,,,51.1,56.3,
1783028635.694,,,,54.2,57.2,
1783028635.750,,,,51.8,58.8,
1783028635.801,,,,48.6,58.6,
1783028635.851,,,,47.1,57.1,
1783028635.898,,,,46.5,50.1,
1783028635.945,,,,46.3,48.3,
1783028635.998,,,,46.4,50.0,
1783028636.050,,,,48.1,51.6,
1783028636.099,,,,47.5,50.5,
1783028636.152,,,,48.8,53.8,
1783028636.201,,,,48.6,51.8,
1783028636.249,,,,56.8,58.7,
1783028636.306,,,,46.8,53.0,
1783028636.354,,,,46.0,51.0,
1783028636.405,,,,45.1,49.6,
1783028636.451,,,,47.2,49.2,
1783028636.504,,,,48.5,51.7,
1783028636.558,,,,48.9,54.0,
1783028636.607,,,,46.4,49.4,
1783028636.665,,,,49.0,52.5,
1783028636.714,,,,44.8,59.8,
1783028636.771,,,,46.0,51.5,
1783028636.817,,,,47.7,63.0,
1783028636.865,,,,46.0,58.0,
1783028636.911,,,,49.0,56.0,
1783028636.960,,,,47.0,53.0,
1783028637.013,,,,48.5,51.0,
1783028637.067,,,,46.6,51.9,
1783028637.114,,,,48.5,49.5,
1783028637.168,,,,46.1,50.1,
1783028637.220,,,,48.6,54.2,
1783028637.270,,,,45.2,47.2,
1783028637.320,,,,48.7,53.2,
1783028637.369,,,,45.9,47.9,
1783028637.421,,,,45.2,47.2,
1783028637.472,,,,48.6,51.6,
1783028637.521,,,,51.8,52.8,
1783028637.572,,,,48.1,50.7,
1783028637.626,,,,44.5,48.0,
1783028637.670,,,,47.6,47.6,
1783028637.724,,,,44.5,48.5,
1783028637.774,,,,45.0,47.0,
1783028637.830,,,,47.9,53.0,
1783028637.878,,,,47.2,51.3,
1783028637.931,,,,46.1,51.4,
1783028637.977,,,,48.5,49.5,
1783028638.031,,,,51.6,57.1,
1783028638.084,,,,51.4,58.7,
1783028638.135,,,,53.4,57.4,
1783028638.189,,,,51.1,58.9,
1783028638.240,,,,50.8,56.8,
1783028638.290,,,,50.1,58.5,
1783028638.341,,,,53.0,61.0,
1783028638.394,,,,51.6,61.6,
1783028638.445,,,,53.1,64.1,
1783028638.498,,,,51.7,64.7,
1783028638.551,,,,50.7,66.7,
1783028638.602,,,,50.6,66.7,
1783028638.652,,,,47.0,63.1,
1783028638.699,,,,48.5,61.5,
1783028638.748,,,,46.5,56.7,
1783028638.794,,,,48.4,55.0,
1783028638.843,,,,45.5,50.5,
1783028638.894,,,,44.5,47.5,
1783028638.944,,,,47.0,52.3,
1783028638.991,,,,44.5,45.5,
1783028639.041,,,,46.0,47.5,
1783028639.094,,,,47.5,51.5,
1783028639.142,,,,47.0,49.0,
1783028639.195,,,,46.3,47.3,
1783028639.247,,,,46.0,48.4,
1783028639.298,,,,49.2,51.2,
1783028639.347,,,,46.2,46.8,
1783028639.399,,,,47.5,49.5,
1783028639.453,,,,46.3,51.7,
1783028639.500,,,,48.3,48.3,
1783028639.554,,,,44.4,48.9,
1783028639.604,,,,45.5,48.5,
1783028639.655,,,,45.0,49.5,
1783028639.706,,,,51.6,56.1,
1783028639.759,,,,47.9,54.9,
1783028639.807,,,,52.6,57.7,
1783028639.860,,,,45.1,52.6,
1783028639.905,,,,45.1,47.1,
1783028639.956,,,,46.1,48.1,
1783028640.007,,,,45.2,46.7,
1783028640.058,,,,46.0,49.5,
1783028640.110,,,,43.3,45.8,
1783028640.159,,,,45.7,49.7,
1783028640.210,,,,46.5,50.0,
1783028640.263,,,,43.6,48.7,
1783028640.312,,,,44.5,47.0,
1783028640.362,,,,42.0,44.0,
1783028640.411,,,,47.0,48.0,
1783028640.463,,,,43.6,46.6,
1783028640.513,,,,50.5,54.0,
1783028640.570,,,,46.1,50.6,
1783028640.616,,,,47.6,49.6,
1783028640.669,,,,44.3,49.1,
1783028640.719,,,,45.0,48.0,
1783028640.770,,,,44.0,47.0,
1783028640.820,,,,47.5,49.0,
1783028640.873,,,,50.4,53.9,
1783028640.923,,,,45.9,49.9,
1783028640.975,,,,49.6,51.6,
1783028641.025,,,,50.6,54.6,
1783028641.076,,,,46.1,52.4,
1783028641.128,,,,45.1,49.1,
1783028641.173,,,,49.8,51.8,
1783028641.223,,,,47.1,48.7,
1783028641.276,,,,46.2,49.7,
1783028641.328,,,,51.6,54.9,
1783028641.380,,,,46.6,51.6,
1783028641.426,,,,42.0,43.0,
1783028641.479,,,,44.0,47.2,
1783028641.529,,,,44.5,48.5,
1783028641.579,,,,49.5,53.5,
1783028641.629,,,,47.0,49.0,
1783028641.681,,,,49.5,54.0,
1783028641.731,,,,48.7,48.7,
1783028641.779,,,,47.2,48.2,
1783028641.833,,,,51.0,55.5,
1783028641.884,,,,46.0,49.0,
1783028641.930,,,,48.0,49.0,
1783028641.984,,,,46.5,48.6,
1783028642.036,,,,48.4,53.0,
1783028642.090,,,,47.0,52.1,
1783028642.137,,,,50.0,52.0,
1783028642.187,,,,54.8,57.8,
1783028642.242,,,,53.6,60.6,
1783028642.296,,,,51.8,59.8,
1783028642.348,,,,53.5,61.8,
1783028642.401,,,,55.6,65.9,
1783028642.457,,,,51.8,68.4,
1783028642.508,,,,51.0,69.0,
1783028642.559,,,,48.0,65.0,
1783028642.607,,,,50.6,63.6,
1783028642.658,,,,47.6,61.6,
1783028642.706,,,,49.7,59.7,
1783028642.755,,,,50.5,60.5,
1783028642.811,,,,47.5,49.5,
1783028642.859,,,,47.0,60.0,
1783028642.906,,,,47.8,56.9,
1783028642.954,,,,46.0,52.0,
1783028643.005,,,,52.1,57.3,
1783028643.057,,,,46.7,54.7,
1783028643.104,,,,47.8,54.8,
1783028643.152,,,,44.1,46.4,
1783028643.202,,,,51.9,52.8,
1783028643.254,,,,50.4,52.4,
1783028643.304,,,,51.8,52.8,
1783028643.356,,,,52.8,54.4,
1783028643.409,,,,56.1,60.1,
1783028643.465,,,,50.6,61.0,
1783028643.516,,,,51.5,61.7,
1783028643.567,,,,51.9,63.1,
1783028643.619,,,,56.9,67.2,
1783028643.676,,,,51.3,68.6,
1783028643.727,,,,49.7,65.7,
1783028643.778,,,,55.9,75.6,
1783028643.834,,,,52.8,77.1,
1783028643.887,,,,53.4,80.1,
1783028643.941,,,,47.0,79.0,
1783028643.989,,,,46.5,73.5,
1783028644.036,,,,43.1,68.6,
1783028644.079,,,,45.2,62.5,
1783028644.124,,,,47.0,58.0,
1783028644.171,,,,50.3,56.3,
1783028644.221,,,,43.5,49.9,
1783028644.265,,,,57.4,58.4,
1783028644.322,,,,61.5,68.1,
1783028644.384,,,,43.7,63.2,
1783028644.428,,,,47.5,61.1,
1783028644.476,,,,46.2,54.7,
1783028644.522,,,,47.3,53.3,
1783028644.575,,,,44.5,49.6,
1783028644.620,,,,48.2,49.2,
1783028644.674,,,,46.7,50.7,
1783028644.726,,,,53.7,58.7,
1783028644.780,,,,53.9,55.9,
1783028644.834,,,,54.5,63.5,
1783028644.888,,,,53.3,66.5,
1783028644.943,,,,53.9,71.1,
1783028644.997,,,,55.6,71.2,
1783028645.052,,,,48.3,69.6,
1783028645.101,,,,44.0,63.0,
1783028645.145,,,,49.7,60.7,
1783028645.194,,,,46.8,57.8,
1783028645.242,,,,45.6,49.6,
1783028645.294,,,,47.0,52.4,
1783028645.341,,,,43.9,44.9,
1783028645.396,,,,46.1,50.1,
1783028645.448,,,,44.5,49.0,
1783028645.498,,,,46.5,49.5,
1783028645.550,,,,46.4,51.5,
1783028645.597,,,,53.4,54.8,
1783028645.650,,,,49.4,53.4,
1783028645.700,,,,52.0,54.0,
1783028645.752,,,,45.9,49.9,
1783028645.804,,,,49.3,54.7,
1783028645.853,,,,46.6,50.6,
1783028645.900,,,,57.2,57.2,
1783028645.957,,,,46.1,52.7,
1783028646.003,,,,49.8,51.8,
1783028646.053,,,,45.7,46.7,
1783028646.104,,,,45.9,47.9,
1783028646.156,,,,46.1,48.1,
1783028646.208,,,,49.2,50.7,
1783028646.257,,,,43.0,46.0,
1783028646.312,,,,48.7,52.2,
1783028646.361,,,,48.6,51.6,
1783028646.410,,,,48.7,49.7,
1783028646.465,,,,46.6,53.0,
1783028646.513,,,,55.0,58.0,
1783028646.568,,,,48.6,56.6,
1783028646.616,,,,47.3,53.3,
1783028646.664,,,,45.2,46.5,
1783028646.715,,,,44.1,46.2,
1783028646.765,,,,45.0,46.4,
1783028646.816,,,,43.0,47.4,
1783028646.865,,,,50.7,52.9,
1783028646.916,,,,51.3,53.3,
1783028646.967,,,,49.8,51.8,
1783028647.017,,,,52.7,52.7,
1783028647.070,,,,46.1,51.1,
1783028647.122,,,,50.0,55.5,
1783028647.172,,,,51.7,56.7,
1783028647.224,,,,49.9,56.4,
1783028647.274,,,,47.3,53.3,
1783028647.321,,,,46.0,48.0,
1783028647.373,,,,45.0,51.2,
1783028647.425,,,,45.9,49.4,
1783028647.471,,,,46.6,47.6,
1783028647.528,,,,48.3,52.0,
1783028647.577,,,,48.1,53.1,
1783028647.625,,,,49.0,50.0,
1783028647.679,,,,47.9,53.2,
1783028647.727,,,,48.5,52.3,
1783028647.776,,,,46.1,48.1,
1783028647.828,,,,48.2,49.7,
1783028647.882,,,,53.2,58.5,
1783028647.935,,,,51.8,61.8,
1783028647.988,,,,47.6,53.6,
1783028648.036,,,,49.5,56.9,
1783028648.087,,,,50.3,56.7,
1783028648.138,,,,48.5,53.5,
1783028648.186,,,,48.0,54.0,
1783028648.235,,,,52.2,54.2,
1783028648.288,,,,50.8,52.8,
1783028648.338,,,,46.7,47.7,
1783028648.391,,,,47.0,50.5,
1783028648.444,,,,46.4,51.4,
1783028648.490,,,,45.8,47.0,
1783028648.542,,,,46.0,51.3,
1783028648.595,,,,48.1,53.3,
1783028648.643,,,,45.6,49.9,
1783028648.694,,,,57.8,63.3,
1783028648.753,,,,52.0,64.3,
1783028648.805,,,,52.5,67.5,
1783028648.857,,,,53.7,68.2,
1783028648.911,,,,54.0,73.7,
1783028648.965,,,,54.0,75.0,
1783028649.019,,,,55.3,81.3,
1783028649.075,,,,50.9,81.9,
1783028649.126,,,,48.8,79.3,
1783028649.175,,,,51.4,78.3,
1783028649.227,,,,52.9,84.0,
1783028649.279,,,,53.5,81.5,
1783028649.333,,,,52.1,85.6,
1783028649.386,,,,53.8,87.0,
1783028649.439,,,,53.9,94.7,
1783028649.493,,,,54.7,97.5,
1783028649.548,,,,50.5,100.1,
1783028649.599,,,,48.0,96.5,
1783028649.647,,,,44.9,91.9,
1783028649.692,,,,60.0,100.4,
1783028649.753,,,,49.2,97.3,
1783028649.803,,,,49.0,49.0,
1783028649.858,,,,48.4,52.9,
1783028649.907,,,,50.0,51.0,
1783028649.962,,,,50.7,55.2,
1783028650.013,,,,50.5,55.0,
1783028650.064,,,,46.6,54.6,
1783028650.111,,,,49.4,50.4,
1783028650.161,,,,46.3,49.7,
1783028650.214,,,,49.2,53.1,
1783028650.263,,,,46.0,50.0,
1783028650.315,,,,49.0,52.5,
1783028650.370,,,,44.6,49.2,
1783028650.420,,,,49.1,54.4,
1783028650.469,,,,48.6,56.6,
1783028650.518,,,,46.2,54.7,
1783028650.570,,,,44.0,49.0,
1783028650.614,,,,48.6,48.6,
1783028650.669,,,,45.5,46.5,
1783028650.720,,,,51.0,53.5,
1783028650.771,,,,51.0,53.1,
1783028650.822,,,,48.9,51.6,
1783028650.877,,,,45.8,51.9,
1783028650.923,,,,48.8,52.8,
1783028650.983,,,,46.5,50.5,
1783028651.030,,,,47.3,55.3,
1783028651.083,,,,42.5,47.7,
1783028651.131,,,,45.5,51.5,
1783028651.178,,,,50.3,57.3,
1783028651.228,,,,42.7,43.7,
1783028651.277,,,,44.7,45.7,
1783028651.333,,,,45.9,50.9,
1783028651.379,,,,48.6,51.6,
1783028651.433,,,,47.4,49.9,
1783028651.480,,,,49.8,49.8,
1783028651.530,,,,45.8,47.8,
1783028651.581,,,,47.4,50.4,
1783028651.634,,,,47.5,52.0,
1783028651.682,,,,50.5,51.5,
1783028651.732,,,,50.3,51.8,
1783028651.788,,,,33.5,38.5,
1783028651.833,,,,48.6,50.6,
1783028651.887,,,,49.9,53.4,
1783028651.937,,,,48.3,48.3,
1783028651.991,,,,51.5,52.5,
1783028652.043,,,,46.7,50.7,
1783028652.095,,,,52.8,54.8,
1783028652.148,,,,50.0,55.2,
1783028652.198,,,,48.5,53.5,
1783028652.247,,,,50.2,55.2,
1783028652.298,,,,47.2,52.2,
1783028652.345,,,,50.9,53.9,
1783028652.402,,,,45.5,50.7,
1783028652.448,,,,49.1,56.1,
1783028652.497,,,,46.2,51.2,
1783028652.549,,,,47.0,48.0,
1783028652.601,,,,46.0,52.2,
1783028652.648,,,,45.0,49.0,
1783028652.699,,,,46.0,51.0,
1783028652.745,,,,45.0,46.0,
1783028652.801,,,,50.9,56.4,
1783028652.852,,,,47.2,51.2,
1783028652.899,,,,45.4,48.6,
1783028652.956,,,,46.3,51.7,
1783028653.002,,,,55.8,61.1,
1783028653.059,,,,55.0,58.7,
1783028653.113,,,,50.5,65.9,
1783028653.164,,,,53.2,71.5,
1783028653.217,,,,47.2,60.1,
1783028653.264,,,,46.7,60.2,
1783028653.312,,,,43.0,52.0,
1783028653.361,,,,47.4,48.4,
1783028653.414,,,,45.1,47.7,
1783028653.459,,,,53.1,56.1,
1783028653.512,,,,47.9,51.9,
1783028653.566,,,,46.0,50.5,
1783028653.617,,,,43.0,48.0,
1783028653.666,,,,45.0,50.0,
1783028653.711,,,,46.5,46.5,
1783028653.769,,,,47.1,51.6,
1783028653.816,,,,46.0,47.0,
1783028653.862,,,,48.5,48.5,
1783028653.916,,,,45.0,47.5,
1783028653.967,,,,49.1,52.1,
1783028654.016,,,,49.5,51.5,
1783028654.065,,,,44.3,46.3,
1783028654.121,,,,48.1,51.6,
1783028654.169,,,,47.0,49.0,
1783028654.221,,,,48.1,51.8,
1783028654.275,,,,45.4,50.4,
1783028654.321,,,,49.4,50.4,
1783028654.370,,,,49.6,49.6,
1783028654.425,,,,49.0,53.5,
1783028654.474,,,,46.0,46.0,
1783028654.531,,,,46.5,52.0,
1783028654.578,,,,45.5,47.5,
1783028654.629,,,,45.5,48.0,
1783028654.680,,,,43.9,45.9,
1783028654.735,,,,46.9,51.4,
1783028654.782,,,,48.0,51.0,
1783028654.830,,,,45.0,47.0,
1783028654.886,,,,45.0,48.6,
1783028654.937,,,,44.0,49.2,
1783028654.986,,,,48.5,50.5,
1783028655.040,,,,42.0,48.1,
1783028655.089,,,,50.9,54.4,
1783028655.140,,,,46.0,52.0,
1783028655.187,,,,48.8,52.3,
1783028655.241,,,,51.3,53.5,
1783028655.293,,,,46.5,53.1,
1783028655.340,,,,51.0,52.0,
1783028655.391,,,,45.3,48.3,
1783028655.436,,,,41.0,44.0,
1783028655.489,,,,32.2,33.2,
1783028655.544,,,,45.5,49.5,
1783028655.595,,,,43.5,47.5,
1783028655.644,,,,48.0,52.0,
1783028655.698,,,,49.1,53.1,
1783028655.747,,,,49.6,60.6,
1783028655.798,,,,46.9,49.9,
1783028655.845,,,,52.9,54.9,
1783028655.897,,,,54.1,58.1,
1783028655.952,,,,52.7,61.2,
1783028656.004,,,,56.5,65.5,
1783028656.061,,,,54.4,73.6,
1783028656.116,,,,56.4,77.4,
1783028656.173,,,,57.0,88.3,
1783028656.231,,,,61.1,97.1,
1783028656.292,,,,61.1,106.6,
1783028656.353,,,,62.5,67.5,
1783028656.415,,,,62.5,79.5,
1783028656.479,,,,65.8,98.2,
1783028656.545,,,,57.0,103.7,
1783028656.602,,,,58.4,59.5,
1783028656.660,,,,61.4,70.4,
1783028656.722,,,,61.1,79.1,
1783028656.783,,,,55.4,81.4,
1783028656.838,,,,63.7,96.1,
1783028656.902,,,,67.3,110.7,
1783028656.969,,,,56.0,68.2,
1783028657.025,,,,59.6,73.6,
1783028657.085,,,,49.0,76.3,
1783028657.134,,,,46.5,69.5,
1783028657.180,,,,44.1,59.6,
1783028657.224,,,,46.3,54.8,
1783028657.271,,,,47.5,54.5,
1783028657.318,,,,47.1,49.1,
1783028657.371,,,,49.5,52.5,
1783028657.420,,,,50.6,55.1,
1783028657.471,,,,53.3,58.1,
1783028657.524,,,,47.4,53.4,
1783028657.572,,,,48.3,52.3,
1783028657.620,,,,45.1,46.1,
1783028657.671,,,,48.8,51.0,
1783028657.726,,,,44.5,47.0,
1783028657.770,,,,47.1,50.1,
1783028657.840,,,,45.9,48.8,
1783028657.885,,,,49.6,63.6,
1783028657.935,,,,46.9,49.9,
1783028657.982,,,,52.4,63.4,
1783028658.034,,,,53.1,68.4,
1783028658.087,,,,51.1,62.8,
1783028658.138,,,,41.6,54.8,
1783028658.180,,,,47.5,57.2,
1783028658.233,,,,46.6,51.7,
1783028658.280,,,,44.0,47.0,
1783028658.329,,,,42.4,44.9,
1783028658.383,,,,46.1,48.9,
1783028658.430,,,,47.2,51.2,
1783028658.483,,,,45.8,46.4,
1783028658.535,,,,49.2,54.2,
1783028658.584,,,,47.0,49.0,
1783028658.636,,,,46.0,48.5,
1783028658.689,,,,44.6,48.1,
1783028658.783,,,,46.5,48.5,
1783028658.835,,,,43.5,44.5,
1783028658.890,,,,48.9,50.9,
1783028658.939,,,,49.3,52.9,
1783028658.994,,,,50.7,55.2,
1783028659.045,,,,46.8,56.3,
1783028659.091,,,,44.5,45.5,
1783028659.141,,,,43.5,48.5,
1783028659.191,,,,48.2,49.7,
1783028659.245,,,,44.2,48.2,
1783028659.306,,,,47.0,51.5,
1783028659.353,,,,45.2,56.2,
1783028659.398,,,,49.7,55.0,
1783028659.448,,,,43.8,49.7,
1783028659.509,,,,49.5,51.5,
1783028659.558,,,,46.5,60.5,
1783028659.606,,,,50.4,59.4,
1783028659.656,,,,53.7,63.5,
1783028659.710,,,,48.1,64.1,
1783028659.758,,,,44.5,55.4,
1783028659.802,,,,44.1,48.5,
1783028659.852,,,,45.0,48.5,
1783028659.904,,,,40.6,44.1,
1783028659.951,,,,48.1,52.6,
1783028660.004,,,,47.9,51.4,
1783028660.052,,,,47.2,50.1,
1783028660.105,,,,48.0,49.5,
1783028660.159,,,,43.1,47.2,
1783028660.207,,,,44.1,48.6,
1783028660.257,,,,45.5,46.5,
1783028660.308,,,,47.0,48.5,
1783028660.388,,,,48.1,51.1,
1783028660.436,,,,46.0,77.0,
1783028660.482,,,,48.0,75.1,
1783028660.530,,,,45.5,66.5,
1783028660.576,,,,46.5,62.5,
1783028660.622,,,,48.0,60.0,
1783028660.670,,,,47.2,55.2,
1783028660.717,,,,48.5,55.5,
1783028660.766,,,,46.6,54.6,
1783028660.814,,,,47.0,49.0,
1783028660.867,,,,52.9,56.9,
1783028660.919,,,,55.4,58.4,
1783028660.975,,,,55.4,63.8,
1783028661.030,,,,56.2,71.8,
1783028661.086,,,,52.9,68.7,
1783028661.139,,,,55.1,72.2,
1783028661.194,,,,53.3,78.1,
1783028661.248,,,,54.4,79.1,
1783028661.302,,,,53.8,82.8,
1783028661.356,,,,56.6,89.6,
1783028661.413,,,,54.5,91.6,
1783028661.467,,,,53.5,97.0,
1783028661.522,,,,51.1,97.6,
1783028661.573,,,,50.4,97.5,
1783028661.623,,,,51.4,97.7,
1783028661.674,,,,55.8,104.2,
1783028661.730,,,,52.5,54.7,
1783028661.783,,,,53.9,58.5,
1783028661.837,,,,55.3,63.3,
1783028661.892,,,,50.9,62.1,
1783028661.943,,,,51.4,65.1,
1783028661.994,,,,47.1,61.4,
1783028662.041,,,,46.7,54.7,
1783028662.088,,,,45.5,49.5,
1783028662.139,,,,49.4,53.9,
1783028662.188,,,,47.1,50.1,
1783028662.241,,,,49.5,54.2,
1783028662.296,,,,46.5,51.0,
1783028662.343,,,,46.3,47.3,
1783028662.395,,,,52.1,55.1,
1783028662.447,,,,51.5,55.5,
1783028662.498,,,,52.0,59.0,
1783028662.550,,,,54.2,59.2,
1783028662.604,,,,51.1,61.1,
1783028662.655,,,,46.0,57.0,
1783028662.702,,,,46.5,56.5,
1783028662.749,,,,48.0,50.0,
1783028662.797,,,,47.7,48.7,
1783028662.850,,,,44.4,49.9,
1783028662.901,,,,49.7,53.2,
1783028662.951,,,,46.4,51.4,
1783028663.003,,,,49.3,51.3,
1783028663.052,,,,46.0,51.1,
1783028663.109,,,,46.2,51.1,
1783028663.156,,,,46.0,49.0,
1783028663.208,,,,46.4,50.3,
1783028663.260,,,,44.9,48.9,
1783028663.311,,,,44.8,50.3,
1783028663.362,,,,51.0,56.4,
1783028663.413,,,,53.9,60.9,
1783028663.467,,,,48.3,57.9,
1783028663.515,,,,46.1,52.3,
1783028663.562,,,,47.0,50.0,
1783028663.615,,,,44.5,47.5,
1783028663.665,,,,45.5,51.7,
1783028663.712,,,,44.9,46.1,
1783028663.763,,,,47.1,51.9,
1783028663.815,,,,46.6,51.1,
1783028663.862,,,,47.9,51.0,
1783028663.915,,,,44.7,48.7,
1783028663.966,,,,49.3,51.3,
1783028664.015,,,,48.5,52.5,
1783028664.064,,,,51.8,54.8,
1783028664.116,,,,44.9,46.5,
1783028664.167,,,,46.3,50.3,
1783028664.219,,,,46.5,47.5,
1783028664.271,,,,46.0,50.5,
1783028664.317,,,,46.2,47.2,
1783028664.375,,,,44.2,48.7,
1783028664.426,,,,45.6,51.0,
1783028664.471,,,,47.8,49.8,
1783028664.519,,,,46.0,48.0,
1783028664.576,,,,46.5,52.5,
1783028664.629,,,,44.0,48.6,
1783028664.679,,,,43.1,45.6,
1783028664.728,,,,45.2,47.2,
1783028664.779,,,,44.7,47.7,
1783028664.829,,,,45.7,48.2,
1783028664.880,,,,44.0,46.3,
1783028664.930,,,,46.6,48.6,
1783028664.982,,,,43.9,46.9,
1783028665.043,,,,49.4,54.9,
1783028665.092,,,,44.3,53.3,
1783028665.137,,,,45.5,50.5,
1783028665.182,,,,44.1,45.1,
1783028665.238,,,,50.0,51.0,
1783028665.288,,,,48.6,53.6,
1783028665.336,,,,47.6,50.6,
1783028665.389,,,,45.2,48.7,
1783028665.441,,,,44.8,49.1,
1783028665.486,,,,46.6,47.1,
1783028665.539,,,,44.8,45.8,
1783028665.589,,,,47.5,48.5,
1783028665.643,,,,47.1,52.1,
1783028665.690,,,,48.5,52.5,
1783028665.744,,,,43.5,44.0,
1783028665.794,,,,45.0,47.5,
1783028665.845,,,,46.2,48.2,
1783028665.897,,,,44.0,45.5,
1783028665.947,,,,45.2,46.2,
1783028666.003,,,,50.0,53.0,
1783028666.054,,,,44.3,53.3,
1783028666.104,,,,48.6,52.9,
1783028666.153,,,,44.0,45.0,
1783028666.203,,,,48.0,51.0,
1783028666.257,,,,50.5,54.3,
1783028666.307,,,,45.8,51.1,
1783028666.359,,,,46.6,50.3,
1783028666.406,,,,46.6,49.6,
1783028666.458,,,,42.0,46.0,
1783028666.506,,,,41.5,44.5,
1783028666.558,,,,47.5,49.5,
1783028666.612,,,,45.5,50.5,
1783028666.657,,,,48.1,55.2,
1783028666.705,,,,44.9,46.9,
1783028666.761,,,,45.2,50.7,
1783028666.817,,,,45.0,50.5,
1783028666.862,,,,45.0,50.0,
1783028666.913,,,,44.5,46.5,
1783028666.964,,,,44.7,47.7,
1783028667.014,,,,52.4,57.4,
1783028667.066,,,,43.1,52.1,
1783028667.122,,,,51.4,55.9,
1783028667.173,,,,52.0,62.0,
1783028667.226,,,,53.1,63.7,
1783028667.281,,,,51.4,66.9,
1783028667.332,,,,51.8,69.8,
1783028667.384,,,,54.3,69.5,
1783028667.438,,,,52.9,68.5,
1783028667.491,,,,51.2,72.4,
1783028667.542,,,,53.0,78.6,
1783028667.595,,,,51.4,79.4,
1783028667.648,,,,53.0,79.2,
1783028667.702,,,,50.0,81.0,
1783028667.752,,,,47.1,78.0,
1783028667.799,,,,45.0,72.1,
1783028667.844,,,,46.0,68.0,
1783028667.890,,,,50.0,66.0,
1783028667.940,,,,48.0,65.3,
1783028667.989,,,,51.8,65.8,
1783028668.041,,,,49.5,67.3,
1783028668.091,,,,49.0,65.9,
1783028668.140,,,,46.2,60.8,
1783028668.187,,,,50.1,53.2,
1783028668.237,,,,50.3,60.1,
1783028668.288,,,,45.4,53.4,
1783028668.334,,,,46.5,50.9,
1783028668.386,,,,45.8,48.8,
1783028668.437,,,,47.1,52.3,
1783028668.484,,,,51.4,53.4,
1783028668.536,,,,48.3,50.5,
1783028668.590,,,,49.0,54.0,
1783028668.639,,,,47.6,50.6,
1783028668.692,,,,49.8,52.3,
1783028668.742,,,,48.3,53.8,
1783028668.790,,,,46.5,47.5,
1783028668.842,,,,47.1,51.6,
1783028668.889,,,,48.3,49.3,
1783028668.943,,,,48.0,49.5,
1783028668.991,,,,49.8,50.8,
1783028669.046,,,,60.2,65.2,
1783028669.106,,,,52.6,67.6,
1783028669.159,,,,45.0,63.3,
1783028669.204,,,,44.9,60.9,
1783028669.249,,,,46.0,50.0,
1783028669.301,,,,44.1,47.1,
1783028669.351,,,,46.5,51.8,
1783028669.397,,,,46.8,48.8,
1783028669.451,,,,44.8,50.0,
1783028669.501,,,,43.8,47.5,
1783028669.550,,,,44.5,47.5,
1783028669.601,,,,46.0,48.0,
1783028669.652,,,,43.5,46.5,
1783028669.707,,,,48.1,51.1,
1783028669.755,,,,46.1,52.1,
1783028669.802,,,,48.1,50.0,
1783028669.851,,,,45.2,48.2,
1783028669.902,,,,45.0,46.5,
1783028669.953,,,,44.8,45.8,
1783028670.009,,,,47.5,51.5,
1783028670.056,,,,47.5,54.8,
1783028670.110,,,,47.4,49.8,
1783028670.157,,,,44.1,48.1,
1783028670.207,,,,47.5,50.5,
1783028670.256,,,,46.2,48.2,
1783028670.308,,,,42.9,44.9,
1783028670.357,,,,44.6,46.6,
1783028670.412,,,,46.1,48.6,
1783028670.465,,,,48.4,51.6,
1783028670.513,,,,45.5,52.5,
1783028670.559,,,,47.9,49.9,
1783028670.613,,,,47.1,51.6,
1783028670.660,,,,59.8,60.8,
1783028670.720,,,,49.4,58.1,
1783028670.770,,,,50.8,59.4,
1783028670.821,,,,53.4,66.4,
1783028670.875,,,,53.9,70.3,
1783028670.930,,,,52.0,70.0,
1783028670.982,,,,54.2,72.6,
1783028671.038,,,,51.2,72.3,
1783028671.089,,,,47.3,73.5,
1783028671.137,,,,42.0,59.3,
1783028671.179,,,,42.2,53.2,
1783028671.221,,,,46.7,50.8,
1783028671.269,,,,47.8,51.1,
1783028671.323,,,,54.4,55.4,
1783028671.377,,,,46.5,51.1,
1783028671.424,,,,46.0,48.0,
1783028671.475,,,,43.1,48.1,
1783028671.524,,,,45.2,46.2,
1783028671.575,,,,43.8,44.8,
1783028671.625,,,,42.6,43.6,
1783028671.679,,,,46.5,52.0,
1783028671.731,,,,45.6,50.1,
1783028671.777,,,,47.7,48.7,
1783028671.830,,,,45.3,50.3,
1783028671.886,,,,49.5,54.7,
1783028671.936,,,,44.1,53.1,
1783028671.980,,,,48.3,50.3,
1783028672.028,,,,45.3,46.3,
1783028672.090,,,,48.3,52.1,
1783028672.139,,,,47.0,57.0,
1783028672.186,,,,46.9,56.9,
1783028672.238,,,,49.3,51.3,
1783028672.293,,,,52.6,55.6,
1783028672.346,,,,44.6,53.6,
1783028672.391,,,,45.9,51.9,
1783028672.442,,,,47.1,48.6,
1783028672.489,,,,47.0,50.6,
1783028672.542,,,,46.0,50.5,
1783028672.593,,,,43.3,47.8,
1783028672.642,,,,51.4,56.4,
1783028672.694,,,,47.7,49.7,
1783028672.747,,,,52.0,55.3,
1783028672.799,,,,55.4,63.4,
1783028672.854,,,,56.0,67.9,
1783028672.910,,,,53.6,70.6,
1783028672.964,,,,51.4,71.0,
1783028673.015,,,,52.7,74.2,
1783028673.068,,,,52.5,75.7,
1783028673.122,,,,50.3,72.8,
1783028673.172,,,,51.7,75.7,
1783028673.225,,,,51.7,77.7,
1783028673.276,,,,49.2,77.2,
1783028673.326,,,,45.0,70.4,
1783028673.371,,,,48.8,70.8,
1783028673.420,,,,49.0,67.0,
1783028673.469,,,,46.9,65.9,
1783028673.516,,,,48.3,62.5,
1783028673.564,,,,43.9,54.9,
1783028673.608,,,,48.0,54.0,
1783028673.662,,,,47.1,52.4,
1783028673.709,,,,51.9,52.9,
1783028673.761,,,,49.5,54.0,
1783028673.816,,,,47.8,53.0,
1783028673.864,,,,43.7,48.7,
1783028673.913,,,,48.1,51.1,
1783028673.961,,,,44.7,46.7,
1783028674.011,,,,48.7,51.0,
1783028674.060,,,,46.1,47.2,
1783028674.112,,,,49.9,51.9,
1783028674.167,,,,47.5,52.5,
1783028674.220,,,,44.3,49.3,
1783028674.266,,,,48.2,52.2,
1783028674.315,,,,50.9,53.9,
1783028674.366,,,,49.5,52.5,
1783028674.421,,,,44.9,49.9,
1783028674.467,,,,47.1,50.1,
1783028674.525,,,,46.0,51.4,
1783028674.571,,,,50.0,52.0,
1783028674.621,,,,47.0,51.0,
1783028674.674,,,,48.0,52.5,
1783028674.727,,,,46.5,50.9,
1783028674.774,,,,56.0,59.0,
1783028674.830,,,,47.0,54.0,
1783028674.877,,,,44.8,48.8,
1783028674.928,,,,43.9,47.4,
1783028674.977,,,,46.6,49.6,
1783028675.030,,,,48.7,49.7,
1783028675.079,,,,50.0,51.0,
1783028675.140,,,,49.4,51.9,
1783028675.189,,,,50.7,62.2,
1783028675.240,,,,45.2,52.2,
1783028675.285,,,,47.4,50.7,
1783028675.338,,,,46.0,50.0,
1783028675.384,,,,43.0,45.0,
1783028675.439,,,,46.5,51.6,
1783028675.486,,,,46.8,47.8,
1783028675.538,,,,49.0,54.5,
1783028675.587,,,,47.0,49.0,
1783028675.640,,,,51.4,56.7,
1783028675.692,,,,46.4,50.6,
1783028675.739,,,,50.0,54.0,
1783028675.790,,,,45.3,48.3,
1783028675.842,,,,48.2,51.7,
1783028675.895,,,,46.9,52.2,
1783028675.942,,,,48.5,49.5,
1783028675.996,,,,46.3,50.3,
1783028676.043,,,,47.4,51.8,
1783028676.096,,,,48.2,49.2,
1783028676.144,,,,46.2,48.2,
1783028676.196,,,,44.5,47.5,
1783028676.247,,,,46.0,49.5,
1783028676.298,,,,53.5,57.5,
1783028676.353,,,,45.1,52.1,
1783028676.398,,,,47.9,49.9,
1783028676.446,,,,42.7,44.1,
1783028676.500,,,,46.5,51.5,
1783028676.552,,,,43.2,44.2,
1783028676.602,,,,49.1,52.1,
1783028676.651,,,,44.7,47.7,
1783028676.701,,,,57.3,60.8,
1783028676.758,,,,54.1,64.1,
1783028676.812,,,,50.0,62.7,
1783028676.862,,,,50.8,63.2,
1783028676.913,,,,48.0,60.0,
1783028676.961,,,,43.9,51.9,
1783028677.005,,,,45.3,48.5,
1783028677.056,,,,44.2,48.7,
1783028677.106,,,,45.0,48.3,
1783028677.158,,,,47.6,54.1,
1783028677.206,,,,45.6,47.6,
1783028677.258,,,,50.0,55.0,
1783028677.308,,,,55.6,58.6,
1783028677.363,,,,55.1,62.6,
1783028677.419,,,,52.0,67.6,
1783028677.472,,,,52.3,72.3,
1783028677.524,,,,43.9,63.4,
1783028677.568,,,,45.4,55.4,
1783028677.614,,,,43.3,49.3,
1783028677.668,,,,46.2,50.2,
1783028677.715,,,,45.5,50.5,
1783028677.761,,,,45.7,47.7,
1783028677.813,,,,47.5,50.0,
1783028677.866,,,,45.0,49.5,
1783028677.917,,,,47.1,50.1,
1783028677.964,,,,47.0,50.0,
1783028678.018,,,,57.0,61.5,
1783028678.075,,,,54.7,67.1,
1783028678.129,,,,55.9,66.9,
1783028678.185,,,,57.0,74.0,
1783028678.242,,,,53.0,77.0,
1783028678.295,,,,50.0,77.7,
1783028678.345,,,,50.1,75.6,
1783028678.395,,,,50.8,77.0,
1783028678.447,,,,47.1,73.9,
1783028678.494,,,,44.6,69.1,
1783028678.539,,,,48.0,66.0,
1783028678.587,,,,45.9,61.9,
1783028678.633,,,,42.5,51.5,
1783028678.675,,,,44.4,47.4,
1783028678.726,,,,44.5,45.5,
1783028678.776,,,,52.5,55.5,
1783028678.828,,,,50.9,54.9,
1783028678.879,,,,59.0,61.0,
1783028678.938,,,,53.1,58.1,
1783028678.991,,,,54.5,66.2,
1783028679.047,,,,52.3,66.7,
1783028679.099,,,,48.5,67.5,
1783028679.149,,,,49.6,64.0,
1783028679.198,,,,49.1,67.1,
1783028679.247,,,,49.6,63.3,
1783028679.297,,,,51.2,64.2,
1783028679.348,,,,48.5,61.8,
1783028679.397,,,,51.0,62.0,
1783028679.448,,,,46.7,59.0,
1783028679.494,,,,48.2,56.7,
1783028679.543,,,,52.9,59.7,
1783028679.596,,,,45.1,52.3,
1783028679.641,,,,45.8,48.9,
1783028679.692,,,,45.6,50.1,
1783028679.744,,,,45.2,49.0,
1783028679.795,,,,46.3,50.4,
1783028679.842,,,,47.0,49.0,
1783028679.894,,,,47.5,50.0,
1783028679.948,,,,46.5,50.5,
1783028679.994,,,,49.5,52.5,
1783028680.044,,,,48.2,54.2,
1783028680.092,,,,52.4,52.4,
1783028680.144,,,,46.4,51.4,
1783028680.197,,,,48.5,50.0,
1783028680.251,,,,46.5,51.0,
1783028680.303,,,,50.8,54.8,
1783028680.354,,,,48.9,52.9,
1783028680.403,,,,48.0,50.0,
1783028680.451,,,,46.2,49.2,
1783028680.503,,,,45.8,47.3,
1783028680.559,,,,43.5,46.9,
1783028680.609,,,,42.5,47.5,
1783028680.662,,,,45.4,45.4,
1783028680.708,,,,46.5,52.6,
1783028680.754,,,,44.9,45.9,
1783028680.805,,,,44.7,47.2,
1783028680.857,,,,46.4,49.9,
1783028680.909,,,,47.0,50.5,
1783028680.956,,,,47.1,50.1,
1783028681.014,,,,45.1,51.6,
1783028681.060,,,,46.0,52.0,
1783028681.112,,,,48.2,52.7,
1783028681.161,,,,48.1,51.1,
1783028681.210,,,,46.6,47.6,
1783028681.262,,,,44.5,47.5,
1783028681.313,,,,43.5,47.5,
1783028681.362,,,,41.7,43.2,
1783028681.415,,,,49.5,54.5,
1783028681.464,,,,46.2,52.2,
1783028681.517,,,,45.4,48.4,
1783028681.568,,,,43.0,47.0,
1783028681.616,,,,45.0,46.5,
1783028681.667,,,,44.3,45.8,
1783028681.722,,,,47.3,52.3,
1783028681.770,,,,50.8,51.8,
1783028681.826,,,,44.8,50.1,
1783028681.876,,,,47.0,52.0,
1783028681.929,,,,45.5,50.5,
1783028681.981,,,,44.0,49.5,
1783028682.025,,,,47.0,49.0,
1783028682.077,,,,44.2,45.7,
1783028682.127,,,,46.5,48.5,
1783028682.174,,,,48.1,49.1,
1783028682.233,,,,46.5,51.0,
1783028682.279,,,,48.0,49.0,
1783028682.327,,,,46.2,46.2,
1783028682.379,,,,53.7,55.7,
1783028682.433,,,,47.0,53.0,
1783028682.480,,,,48.6,49.6,
1783028682.529,,,,46.0,48.0,
1783028682.586,,,,49.4,54.9,
1783028682.635,,,,46.2,51.2,
1783028682.682,,,,44.0,45.0,
1783028682.737,,,,48.0,50.0,
1783028682.785,,,,46.2,48.2,
1783028682.837,,,,51.3,54.3,
1783028682.889,,,,45.9,50.9,
1783028682.940,,,,49.7,54.2,
1783028682.990,,,,44.9,48.9,
1783028683.041,,,,48.8,54.0,
1783028683.096,,,,60.5,62.2,
1783028683.156,,,,63.0,83.0,
1783028683.219,,,,54.1,87.5,
1783028683.273,,,,52.4,84.6,
1783028683.327,,,,52.3,90.7,
1783028683.379,,,,56.0,93.3,
1783028683.435,,,,51.9,95.0,
1783028683.487,,,,58.4,99.7,
1783028683.545,,,,56.7,57.7,
1783028683.603,,,,53.6,58.6,
1783028683.657,,,,54.2,65.2,
1783028683.711,,,,60.4,78.4,
1783028683.772,,,,55.5,81.5,
1783028683.828,,,,53.6,85.9,
1783028683.881,,,,50.7,84.0,
1783028683.932,,,,54.7,88.8,
1783028683.987,,,,52.6,92.3,
1783028684.039,,,,48.3,86.8,
1783028684.088,,,,47.5,86.7,
1783028684.135,,,,50.7,82.1,
1783028684.187,,,,46.0,78.0,
1783028684.233,,,,47.7,73.7,
1783028684.281,,,,47.0,71.2,
1783028684.328,,,,44.4,67.4,
1783028684.373,,,,54.6,71.0,
1783028684.428,,,,45.0,65.0,
1783028684.473,,,,50.4,67.4,
1783028684.523,,,,49.6,64.2,
1783028684.573,,,,53.4,65.4,
1783028684.626,,,,47.0,63.0,
1783028684.673,,,,50.5,57.5,
1783028684.723,,,,48.5,63.5,
1783028684.772,,,,51.9,64.9,
1783028684.824,,,,47.0,60.5,
1783028684.871,,,,50.2,62.2,
1783028684.922,,,,49.2,58.2,
1783028684.971,,,,50.5,58.8,
1783028685.022,,,,48.8,58.8,
1783028685.071,,,,49.5,56.5,
1783028685.120,,,,51.9,59.9,
1783028685.172,,,,48.8,59.2,
1783028685.221,,,,42.7,48.3,
1783028685.270,,,,47.6,49.6,
1783028685.317,,,,46.0,50.0,
1783028685.369,,,,48.0,52.0,
1783028685.417,,,,47.4,51.5,
1783028685.471,,,,52.9,58.4,
1783028685.525,,,,57.9,67.9,
1783028685.582,,,,51.6,65.6,
1783028685.634,,,,45.5,54.5,
1783028685.681,,,,46.1,52.6,
1783028685.727,,,,48.7,55.7,
1783028685.782,,,,43.1,47.5,
1783028685.825,,,,45.5,46.5,
1783028685.876,,,,46.9,47.9,
1783028685.934,,,,52.4,56.5,
1783028685.986,,,,47.4,50.4,
1783028686.039,,,,49.5,52.5,
1783028686.089,,,,44.0,54.0,
1783028686.138,,,,47.3,50.8,
1783028686.186,,,,50.3,55.3,
1783028686.236,,,,46.4,48.9,
1783028686.288,,,,46.2,50.7,
1783028686.339,,,,52.5,57.0,
1783028686.392,,,,50.3,57.7,
1783028686.442,,,,50.2,61.2,
1783028686.492,,,,50.3,58.3,
1783028686.544,,,,47.5,57.6,
1783028686.591,,,,49.8,53.8,
1783028686.641,,,,46.3,51.3,
1783028686.693,,,,48.9,54.9,
1783028686.743,,,,43.6,47.6,
1783028686.792,,,,48.0,51.0,
1783028686.847,,,,45.6,49.0,
1783028686.892,,,,48.1,50.1,
1783028686.946,,,,42.5,44.5,
1783028686.994,,,,48.2,49.2,
1783028687.042,,,,48.4,48.4,
1783028687.096,,,,45.8,49.3,
1783028687.148,,,,48.8,50.8,
1783028687.202,,,,49.0,54.1,
1783028687.251,,,,45.6,49.1,
1783028687.303,,,,48.0,52.4,
1783028687.351,,,,47.2,50.2,
1783028687.404,,,,46.4,51.7,
1783028687.457,,,,46.4,51.9,
1783028687.503,,,,46.2,51.9,
1783028687.555,,,,45.3,50.3,
1783028687.600,,,,45.0,48.0,
1783028687.651,,,,45.7,48.7,
1783028687.703,,,,51.2,52.7,
1783028687.754,,,,53.9,59.4,
1783028687.808,,,,50.1,57.8,
1783028687.858,,,,47.4,58.0,
1783028687.907,,,,46.4,51.4,
1783028687.953,,,,48.1,49.1,
1783028688.007,,,,47.5,52.5,
1783028688.054,,,,44.4,46.4,
1783028688.104,,,,45.6,48.6,
1783028688.157,,,,46.0,48.5,
1783028688.209,,,,45.0,49.0,
1783028688.259,,,,44.8,46.3,
1783028688.315,,,,46.0,50.5,
1783028688.361,,,,54.0,54.0,
1783028688.415,,,,56.6,58.6,
1783028688.471,,,,49.7,59.1,
1783028688.521,,,,48.0,58.3,
1783028688.572,,,,49.4,57.7,
1783028688.621,,,,48.0,56.0,
1783028688.669,,,,47.0,53.0,
1783028688.716,,,,47.5,49.5,
1783028688.769,,,,45.6,50.6,
1783028688.815,,,,54.0,55.0,
1783028688.870,,,,56.1,60.1,
1783028688.926,,,,54.5,64.8,
1783028688.981,,,,47.7,62.9,
1783028689.028,,,,52.1,63.1,
1783028689.081,,,,51.3,64.3,
1783028689.133,,,,45.4,60.7,
1783028689.178,,,,47.0,57.2,
1783028689.225,,,,45.1,51.1,
1783028689.270,,,,48.3,49.3,
1783028689.324,,,,43.0,47.5,
1783028689.372,,,,48.7,50.2,
1783028689.421,,,,49.6,50.6,
1783028689.477,,,,48.3,52.2,
1783028689.525,,,,47.9,50.9,
1783028689.578,,,,49.3,51.8,
1783028689.628,,,,46.0,48.0,
1783028689.685,,,,48.6,53.6,
1783028689.734,,,,48.1,53.1,
1783028689.787,,,,46.5,52.0,
1783028689.835,,,,45.2,48.2,
1783028689.886,,,,46.2,51.2,
1783028689.939,,,,47.4,51.9,
1783028689.986,,,,52.4,53.4,
1783028690.039,,,,56.2,61.7,
1783028690.095,,,,53.4,64.4,
1783028690.149,,,,54.1,69.6,
1783028690.204,,,,52.4,69.4,
1783028690.257,,,,51.9,71.8,
1783028690.310,,,,47.7,69.7,
1783028690.357,,,,44.6,65.6,
1783028690.402,,,,44.2,56.5,
1783028690.447,,,,50.0,59.0,
1783028690.497,,,,46.5,51.1,
1783028690.544,,,,49.9,55.9,
1783028690.594,,,,52.8,57.8,
1783028690.647,,,,47.8,53.8,
1783028690.706,,,,44.1,49.6,
1783028690.751,,,,47.1,52.1,
1783028690.798,,,,47.6,54.6,
1783028690.851,,,,45.5,50.3,
1783028690.908,,,,47.1,52.1,
1783028690.955,,,,48.8,58.8,
1783028691.005,,,,48.3,57.3,
1783028691.053,,,,45.0,49.0,
1783028691.104,,,,47.0,52.2,
1783028691.151,,,,42.5,45.5,
1783028691.204,,,,46.7,50.7,
1783028691.251,,,,46.5,48.5,
1783028691.303,,,,48.5,52.5,
1783028691.352,,,,46.5,47.5,
1783028691.410,,,,47.0,51.0,
1783028691.457,,,,48.0,52.0,
1783028691.505,,,,53.0,54.0,
1783028691.558,,,,45.6,50.6,
1783028691.603,,,,46.5,46.5,
1783028691.656,,,,44.5,46.5,
1783028691.706,,,,47.7,50.7,
1783028691.760,,,,46.1,51.5,
1783028691.806,,,,49.0,50.0,
1783028691.861,,,,44.2,48.2,
1783028691.911,,,,48.2,53.2,
1783028691.959,,,,47.7,50.3,
1783028692.013,,,,45.6,50.6,
1783028692.059,,,,47.0,48.0,
1783028692.111,,,,43.8,47.3,
1783028692.161,,,,47.5,49.5,
1783028692.214,,,,47.4,51.9,
1783028692.261,,,,46.0,47.0,
1783028692.313,,,,45.5,46.5,
1783028692.364,,,,47.4,48.4,
1783028692.418,,,,50.8,55.2,
1783028692.468,,,,45.5,50.5,
1783028692.519,,,,46.9,51.4,
1783028692.566,,,,47.3,48.3,
1783028692.619,,,,45.5,51.5,
1783028692.671,,,,47.1,51.6,
1783028692.719,,,,48.2,50.2,
1783028692.773,,,,49.1,54.6,
1783028692.822,,,,49.3,53.3,
1783028692.872,,,,46.8,49.4,
1783028692.924,,,,44.6,49.6,
1783028692.974,,,,48.7,53.7,
1783028693.023,,,,46.8,48.8,
1783028693.076,,,,50.6,55.3,
1783028693.126,,,,50.2,54.2,
1783028693.178,,,,47.2,52.2,
1783028693.225,,,,49.9,52.2,
1783028693.275,,,,46.2,48.2,
1783028693.327,,,,49.5,52.5,
1783028693.376,,,,44.4,48.2,
1783028693.427,,,,50.1,53.1,
1783028693.477,,,,44.5,48.5,
1783028693.528,,,,48.5,52.0,
1783028693.577,,,,50.5,51.5,
1783028693.627,,,,47.3,49.3,
1783028693.680,,,,44.4,47.9,
1783028693.730,,,,50.1,54.1,
1783028693.780,,,,45.2,47.2,
1783028693.831,,,,46.5,49.5,
1783028693.884,,,,45.5,48.5,
1783028693.935,,,,45.4,49.4,
1783028693.986,,,,47.5,49.5,
1783028694.039,,,,46.5,50.5,
1783028694.092,,,,46.5,49.5,
1783028694.138,,,,46.9,47.9,
1783028694.191,,,,47.0,48.5,
1783028694.238,,,,44.4,45.4,
1783028694.294,,,,50.0,55.5,
1783028694.344,,,,45.5,50.5,
1783028694.390,,,,48.0,48.0,
1783028694.444,,,,49.5,51.0,
1783028694.500,,,,46.0,51.0,
1783028694.551,,,,43.3,49.6,
1783028694.601,,,,45.0,49.5,
1783028694.646,,,,47.0,47.0,
1783028694.699,,,,46.5,49.5,
1783028694.751,,,,49.0,54.0,
1783028694.800,,,,44.0,45.0,
1783028694.855,,,,47.5,52.5,
1783028694.903,,,,45.0,47.0,
1783028694.954,,,,49.1,51.6,
1783028695.009,,,,51.7,55.2,
1783028695.061,,,,48.9,53.6,
1783028695.110,,,,47.5,49.5,
1783028695.157,,,,48.1,50.1,
1783028695.217,,,,45.3,51.8,
1783028695.263,,,,49.0,54.0,
1783028695.312,,,,47.7,51.7,
1783028695.366,,,,54.2,57.2,
1783028695.420,,,,52.4,59.7,
1783028695.472,,,,49.2,61.4,
1783028695.521,,,,53.1,64.5,
1783028695.574,,,,48.3,62.4,
1783028695.624,,,,55.2,67.6,
1783028695.679,,,,47.0,64.1,
1783028695.727,,,,47.5,58.8,
1783028695.776,,,,50.4,59.4,
1783028695.826,,,,53.3,60.6,
1783028695.879,,,,51.4,62.4,
1783028695.931,,,,49.1,57.1,
1783028695.980,,,,51.1,55.1,
1783028696.031,,,,51.5,56.5,
1783028696.082,,,,50.8,56.8,
1783028696.134,,,,55.4,61.4,
1783028696.190,,,,53.1,66.1,
1783028696.243,,,,53.4,66.4,
1783028696.296,,,,65.7,81.8,
1783028696.362,,,,59.1,91.3,
1783028696.422,,,,45.5,86.5,
1783028696.467,,,,44.7,81.1,
1783028696.512,,,,48.0,77.7,
1783028696.560,,,,44.9,71.9,
1783028696.605,,,,43.0,64.0,
1783028696.649,,,,43.9,58.9,
1783028696.693,,,,49.3,54.3,
1783028696.742,,,,45.2,51.5,
1783028696.787,,,,47.0,51.0,
1783028696.840,,,,46.7,48.7,
1783028696.893,,,,50.1,54.0,
1783028696.943,,,,46.7,53.1,
1783028696.997,,,,50.6,55.7,
1783028697.047,,,,47.0,52.0,
1783028697.094,,,,48.8,50.8,
1783028697.149,,,,45.0,49.4,
1783028697.200,,,,51.1,55.1,
1783028697.251,,,,46.3,54.1,
1783028697.297,,,,45.6,46.6,
1783028697.353,,,,49.4,54.5,
1783028697.403,,,,51.5,57.9,
1783028697.454,,,,53.7,63.2,
1783028697.508,,,,53.2,65.5,
1783028697.562,,,,52.0,67.0,
1783028697.614,,,,53.6,73.6,
1783028697.669,,,,56.1,78.4,
1783028697.725,,,,54.7,83.4,
1783028697.780,,,,50.6,84.2,
1783028697.831,,,,50.3,83.8,
1783028697.881,,,,47.4,79.4,
1783028697.928,,,,46.1,77.1,
1783028697.974,,,,51.5,77.6,
1783028698.026,,,,48.4,76.9,
1783028698.075,,,,54.0,80.4,
1783028698.129,,,,59.8,89.8,
1783028698.189,,,,53.9,93.0,
1783028698.243,,,,48.5,90.8,
1783028698.291,,,,48.0,87.5,
1783028698.339,,,,59.8,97.8,
1783028698.399,,,,53.2,99.0,
1783028698.452,,,,53.6,101.8,
1783028698.506,,,,52.9,102.5,
1783028698.559,,,,54.4,56.4,
1783028698.613,,,,46.7,51.7,
1783028698.660,,,,49.2,50.3,
1783028698.715,,,,51.4,55.4,
1783028698.768,,,,52.4,56.6,
1783028698.821,,,,54.5,60.5,
1783028698.875,,,,51.3,61.3,
1783028698.927,,,,51.6,63.0,
1783028698.979,,,,55.4,68.0,
1783028699.035,,,,54.2,72.6,
1783028699.090,,,,51.8,74.2,
1783028699.142,,,,55.3,78.1,
1783028699.197,,,,54.2,83.2,
1783028699.251,,,,53.6,85.6,
1783028699.305,,,,50.8,86.9,
1783028699.356,,,,51.5,83.5,
1783028699.407,,,,49.6,84.1,
1783028699.457,,,,51.0,79.6,
1783028699.508,,,,45.5,73.8,
1783028699.553,,,,49.1,74.2,
1783028699.603,,,,54.4,79.6,
1783028699.658,,,,55.0,78.9,
1783028699.713,,,,52.6,85.4,
1783028699.767,,,,54.6,84.9,
1783028699.822,,,,56.1,91.9,
1783028699.879,,,,53.1,97.1,
1783028699.932,,,,55.2,100.3,
1783028699.988,,,,59.5,110.7,
1783028700.047,,,,51.7,57.7,
1783028700.099,,,,50.4,59.4,
1783028700.149,,,,54.0,66.0,
1783028700.204,,,,55.3,71.3,
1783028700.260,,,,48.9,70.4,
1783028700.309,,,,46.1,63.1,
1783028700.356,,,,45.6,48.6,
1783028700.401,,,,46.0,50.0,
1783028700.447,,,,49.0,53.0,
1783028700.496,,,,46.8,48.8,
1783028700.549,,,,57.4,57.4,
1783028700.607,,,,55.4,64.7,
1783028700.662,,,,51.9,63.5,
1783028700.714,,,,48.8,60.7,
1783028700.763,,,,50.6,63.1,
1783028700.814,,,,53.7,63.2,
1783028700.867,,,,50.1,62.7,
1783028700.917,,,,48.1,61.1,
1783028700.965,,,,49.0,60.0,
1783028701.014,,,,50.2,61.0,
1783028701.065,,,,49.0,59.3,
1783028701.114,,,,51.8,59.8,
1783028701.165,,,,47.5,59.7,
1783028701.213,,,,50.1,57.2,
1783028701.263,,,,47.0,55.5,
1783028701.310,,,,49.3,55.3,
1783028701.359,,,,54.6,58.6,
1783028701.414,,,,50.9,57.9,
1783028701.466,,,,51.6,61.5,
1783028701.518,,,,48.0,58.8,
1783028701.566,,,,51.2,57.2,
1783028701.617,,,,55.7,61.7,
1783028701.673,,,,48.9,57.8,
1783028701.721,,,,47.5,55.2,
1783028701.769,,,,46.7,50.7,
1783028701.817,,,,51.1,53.1,
1783028701.868,,,,48.1,50.1,
1783028701.922,,,,49.1,55.1,
1783028701.972,,,,49.1,51.1,
1783028702.021,,,,48.8,49.8,
1783028702.076,,,,52.1,56.1,
1783028702.129,,,,45.7,52.1,
1783028702.175,,,,48.0,51.0,
1783028702.229,,,,46.6,52.0,
1783028702.276,,,,53.7,55.7,
1783028702.329,,,,51.1,54.1,
1783028702.381,,,,50.9,55.9,
1783028702.431,,,,43.0,51.0,
1783028702.480,,,,51.6,54.6,
1783028702.532,,,,47.5,53.5,
1783028702.579,,,,51.5,56.5,
1783028702.631,,,,51.0,56.0,
1783028702.682,,,,62.2,64.2,
1783028702.745,,,,64.5,80.6,
1783028702.810,,,,46.5,72.5,
1783028702.856,,,,57.1,77.6,
1783028702.913,,,,65.3,93.0,
1783028702.979,,,,53.7,91.1,
1783028703.032,,,,56.8,94.6,
1783028703.089,,,,50.9,95.9,
1783028703.140,,,,49.2,97.8,
1783028703.190,,,,43.9,91.2,
1783028703.234,,,,55.9,94.8,
1783028703.290,,,,48.6,97.9,
1783028703.339,,,,49.2,91.7,
1783028703.388,,,,49.3,89.5,
1783028703.438,,,,47.1,89.9,
1783028703.486,,,,46.4,89.1,
1783028703.533,,,,64.9,99.8,
1783028703.597,,,,55.1,101.1,
1783028703.653,,,,45.8,99.9,
1783028703.699,,,,48.4,94.6,
1783028703.748,,,,49.4,91.7,
1783028703.797,,,,51.5,97.9,
1783028703.849,,,,54.8,97.7,
1783028703.903,,,,49.1,97.1,
1783028703.953,,,,45.4,87.6,
1783028703.998,,,,46.3,87.7,
1783028704.044,,,,42.9,77.6,
1783028704.087,,,,49.7,77.3,
1783028704.138,,,,52.1,82.1,
1783028704.191,,,,59.3,92.2,
1783028704.250,,,,53.2,92.4,
1783028704.304,,,,63.5,108.2,
1783028704.367,,,,54.3,60.5,
1783028704.421,,,,51.0,62.0,
1783028704.473,,,,51.5,63.5,
1783028704.525,,,,59.0,74.4,
1783028704.585,,,,56.6,78.6,
1783028704.642,,,,57.9,86.1,
1783028704.701,,,,51.5,85.6,
1783028704.752,,,,58.6,92.1,
1783028704.811,,,,58.2,99.6,
1783028704.869,,,,66.3,115.0,
1783028704.935,,,,58.4,72.4,
1783028704.994,,,,66.1,86.5,
1783028705.060,,,,53.8,88.8,
1783028705.113,,,,39.3,75.0,
1783028705.154,,,,33.0,53.4,
1783028705.187,,,,46.3,56.8,
1783028705.233,,,,47.0,52.0,
1783028705.280,,,,49.0,51.0,
1783028705.334,,,,45.5,50.5,
1783028705.380,,,,47.7,47.7,
1783028705.434,,,,47.6,51.6,
1783028705.487,,,,50.5,54.0,
1783028705.537,,,,48.9,53.9,
1783028705.586,,,,53.1,56.6,
1783028705.639,,,,46.6,54.6,
1783028705.686,,,,44.1,51.2,
1783028705.736,,,,47.2,51.2,
1783028705.789,,,,47.5,53.0,
1783028705.836,,,,55.3,58.3,
1783028705.892,,,,50.2,61.2,
1783028705.944,,,,48.8,52.8,
1783028705.992,,,,50.4,55.4,
1783028706.043,,,,55.5,58.5,
1783028706.098,,,,53.7,63.7,
1783028706.152,,,,49.5,60.2,
1783028706.202,,,,45.1,56.5,
1783028706.248,,,,50.6,51.6,
1783028706.298,,,,45.2,49.2,
1783028706.350,,,,48.0,52.0,
1783028706.398,,,,49.1,50.1,
1783028706.447,,,,48.5,52.5,
1783028706.495,,,,45.3,47.3,
1783028706.552,,,,50.5,54.5,
1783028706.602,,,,46.0,53.5,
1783028706.649,,,,46.2,47.2,
1783028706.701,,,,44.5,48.5,
1783028706.751,,,,45.0,50.0,
1783028706.802,,,,46.2,49.2,
1783028706.854,,,,48.2,51.2,
1783028706.902,,,,49.3,54.3,
1783028706.952,,,,47.4,48.4,
1783028707.005,,,,53.9,56.4,
1783028707.059,,,,45.3,55.3,
1783028707.109,,,,45.8,49.8,
1783028707.155,,,,43.9,47.8,
1783028707.211,,,,46.4,50.4,
1783028707.257,,,,48.9,50.9,
1783028707.306,,,,48.3,49.3,
1783028707.365,,,,45.0,50.0,
1783028707.416,,,,50.6,53.6,
1783028707.466,,,,50.3,57.3,
1783028707.517,,,,45.7,55.6,
1783028707.569,,,,45.0,51.4,
1783028707.615,,,,45.6,48.6,
1783028707.666,,,,44.9,46.9,
1783028707.717,,,,44.5,47.5,
1783028707.767,,,,47.0,50.1,
1783028707.820,,,,44.5,47.5,
1783028707.870,,,,47.0,51.5,
1783028707.918,,,,44.8,45.8,
1783028707.968,,,,49.5,53.0,
1783028708.024,,,,47.6,52.6,
1783028708.071,,,,47.4,48.4,
1783028708.119,,,,44.9,45.9,
1783028708.175,,,,49.0,53.5,
1783028708.224,,,,46.9,49.9,
1783028708.276,,,,60.4,62.9,
1783028708.337,,,,55.5,68.8,
1783028708.392,,,,56.3,75.4,
1783028708.448,,,,50.1,74.7,
1783028708.499,,,,49.2,72.2,
1783028708.548,,,,49.2,72.8,
1783028708.597,,,,50.1,68.8,
1783028708.647,,,,55.6,74.6,
1783028708.703,,,,52.3,77.9,
1783028708.755,,,,53.5,78.6,
1783028708.808,,,,55.6,83.6,
1783028708.864,,,,56.4,91.5,
1783028708.920,,,,53.4,95.4,
1783028708.975,,,,60.4,104.7,
1783028709.035,,,,54.6,57.8,
1783028709.091,,,,64.5,71.5,
1783028709.156,,,,65.7,87.7,
1783028709.222,,,,59.2,99.2,
1783028709.281,,,,53.5,97.1,
1783028709.335,,,,51.2,96.7,
1783028709.386,,,,56.7,105.9,
1783028709.443,,,,55.7,63.8,
1783028709.498,,,,58.4,68.6,
1783028709.557,,,,57.3,76.4,
1783028709.614,,,,52.6,76.9,
1783028709.667,,,,52.7,81.3,
1783028709.720,,,,53.8,84.1,
1783028709.774,,,,53.1,84.5,
1783028709.827,,,,49.9,84.3,
1783028709.877,,,,54.4,83.0,
1783028709.932,,,,60.9,99.3,
1783028709.994,,,,61.1,105.7,
1783028710.056,,,,56.9,113.1,
1783028710.113,,,,58.0,69.4,
1783028710.170,,,,52.0,72.5,
1783028710.222,,,,49.7,70.7,
1783028710.272,,,,53.4,70.1,
1783028710.326,,,,52.2,73.7,
1783028710.378,,,,51.5,71.7,
1783028710.429,,,,48.1,73.1,
1783028710.478,,,,50.7,78.0,
1783028710.529,,,,56.7,83.2,
1783028710.586,,,,57.8,87.9,
1783028710.644,,,,52.5,90.9,
1783028710.696,,,,58.1,99.3,
1783028710.755,,,,46.9,98.4,
1783028710.802,,,,44.0,85.9,
1783028710.846,,,,51.0,84.9,
1783028710.897,,,,50.0,84.9,
1783028710.947,,,,50.0,85.0,
1783028710.998,,,,54.5,92.5,
1783028711.053,,,,46.9,86.3,
1783028711.099,,,,49.1,85.9,
1783028711.148,,,,54.9,89.7,
1783028711.203,,,,51.4,92.4,
1783028711.255,,,,57.9,100.3,
1783028711.314,,,,55.4,102.8,
1783028711.369,,,,49.6,105.0,
1783028711.419,,,,49.5,51.5,
1783028711.468,,,,49.2,50.2,
1783028711.518,,,,45.4,47.4,
1783028711.570,,,,49.7,52.7,
1783028711.625,,,,47.8,52.3,
1783028711.673,,,,45.1,50.4,
1783028711.724,,,,47.1,48.6,
1783028711.776,,,,48.1,53.2,
1783028711.824,,,,47.2,50.0,
1783028711.877,,,,49.5,54.6,
1783028711.929,,,,46.7,52.7,
1783028711.975,,,,59.6,63.6,
1783028712.035,,,,53.0,66.3,
1783028712.088,,,,50.7,65.7,
1783028712.139,,,,62.0,76.9,
1783028712.201,,,,68.4,95.4,
1783028712.269,,,,68.4,111.5,
1783028712.338,,,,74.3,83.3,
1783028712.412,,,,60.0,92.3,
1783028712.472,,,,56.5,96.4,
1783028712.528,,,,65.1,108.2,
1783028712.593,,,,53.5,64.0,
1783028712.648,,,,56.4,68.9,
1783028712.705,,,,53.1,69.8,
1783028712.759,,,,57.1,81.9,
1783028712.817,,,,50.8,77.5,
1783028712.868,,,,50.7,82.0,
1783028712.919,,,,46.0,78.7,
1783028712.965,,,,46.2,71.0,
1783028713.011,,,,48.9,72.9,
1783028713.060,,,,50.2,71.2,
1783028713.110,,,,45.7,66.6,
1783028713.155,,,,52.4,68.4,
1783028713.208,,,,54.0,73.5,
1783028713.263,,,,52.9,75.2,
1783028713.316,,,,50.4,75.7,
1783028713.366,,,,47.5,71.5,
1783028713.414,,,,48.5,71.5,
1783028713.462,,,,47.8,69.3,
1783028713.511,,,,55.8,74.7,
1783028713.566,,,,47.0,69.0,
1783028713.614,,,,48.1,69.1,
1783028713.662,,,,47.4,63.4,
1783028713.710,,,,48.0,59.0,
1783028713.758,,,,45.1,54.1,
1783028713.803,,,,49.3,53.9,
1783028713.852,,,,50.0,53.0,
1783028713.903,,,,55.3,58.3,
1783028713.959,,,,51.6,58.7,
1783028714.010,,,,55.8,64.8,
1783028714.066,,,,55.2,69.2,
1783028714.122,,,,50.8,68.8,
1783028714.173,,,,47.9,67.4,
1783028714.221,,,,47.7,64.7,
1783028714.269,,,,52.1,65.6,
1783028714.321,,,,47.0,62.0,
1783028714.369,,,,46.5,59.0,
1783028714.416,,,,50.6,60.6,
1783028714.467,,,,53.8,64.2,
1783028714.521,,,,56.7,68.7,
1783028714.577,,,,51.3,68.6,
1783028714.629,,,,47.6,67.6,
1783028714.676,,,,48.5,66.5,
1783028714.725,,,,50.0,64.1,
1783028714.775,,,,52.5,66.1,
1783028714.827,,,,48.7,64.3,
1783028714.876,,,,52.4,64.4,
1783028714.928,,,,50.1,68.1,
1783028714.978,,,,49.3,60.8,
1783028715.028,,,,52.7,67.1,
1783028715.081,,,,47.0,65.8,
1783028715.128,,,,50.4,62.0,
1783028715.178,,,,53.7,63.7,
1783028715.232,,,,63.0,74.7,
1783028715.295,,,,45.2,71.2,
1783028715.341,,,,44.6,65.8,
1783028715.386,,,,50.3,66.3,
1783028715.436,,,,49.8,61.8,
1783028715.486,,,,45.3,59.0,
1783028715.531,,,,45.4,54.4,
1783028715.583,,,,46.5,51.5,
1783028715.629,,,,45.1,50.1,
1783028715.674,,,,47.4,47.4,
1783028715.733,,,,44.1,49.2,
1783028715.777,,,,46.2,46.2,
1783028715.829,,,,46.3,49.3,
1783028715.881,,,,46.8,50.3,
1783028715.933,,,,44.8,49.8,
1783028715.978,,,,47.5,47.5,
1783028716.031,,,,49.1,52.1,
1783028716.080,,,,47.8,48.8,
1783028716.134,,,,45.0,48.5,
1783028716.185,,,,51.5,55.9,
1783028716.236,,,,53.7,57.7,
1783028716.291,,,,47.9,52.8,
1783028716.345,,,,46.6,48.6,
1783028716.392,,,,46.3,49.3,
1783028716.449,,,,54.5,60.0,
1783028716.504,,,,46.5,56.4,
1783028716.550,,,,53.0,61.0,
1783028716.603,,,,46.5,54.5,
1783028716.650,,,,51.0,55.0,
1783028716.701,,,,53.3,60.5,
1783028716.755,,,,44.5,54.7,
1783028716.800,,,,44.4,51.7,
1783028716.845,,,,45.2,46.2,
1783028716.902,,,,52.0,56.5,
1783028716.954,,,,47.0,55.0,
1783028717.001,,,,45.0,47.0,
1783028717.046,,,,50.4,50.4,
1783028717.103,,,,53.5,58.0,
1783028717.157,,,,55.7,66.7,
1783028717.213,,,,51.9,68.3,
1783028717.265,,,,48.5,66.1,
1783028717.313,,,,46.0,61.4,
1783028717.359,,,,50.3,61.3,
1783028717.411,,,,50.6,62.6,
1783028717.461,,,,52.0,58.0,
1783028717.513,,,,46.8,54.8,
1783028717.560,,,,51.2,56.2,
1783028717.612,,,,48.0,53.0,
1783028717.666,,,,48.6,54.6,
1783028717.716,,,,49.2,56.7,
1783028717.765,,,,50.6,56.6,
1783028717.816,,,,52.7,58.7,
1783028717.868,,,,45.7,54.7,
1783028717.915,,,,51.0,55.0,
1783028717.966,,,,45.3,49.8,
1783028718.017,,,,48.5,53.0,
1783028718.065,,,,54.1,58.1,
1783028718.119,,,,48.0,55.0,
1783028718.167,,,,45.1,49.1,
1783028718.218,,,,46.5,49.1,
1783028718.265,,,,46.7,47.7,
1783028718.317,,,,45.5,48.5,
1783028718.368,,,,44.9,48.9,
1783028718.419,,,,50.2,55.2,
1783028718.470,,,,47.7,50.7,
1783028718.518,,,,46.0,47.0,
1783028718.569,,,,47.1,48.0,
1783028718.623,,,,45.1,50.6,
1783028718.668,,,,50.1,52.1,
1783028718.724,,,,53.7,59.1,
1783028718.778,,,,51.1,60.1,
1783028718.829,,,,46.4,56.4,
1783028718.876,,,,46.6,52.6,
1783028718.928,,,,45.2,50.3,
1783028718.978,,,,47.3,51.3,
1783028719.032,,,,46.5,50.5,
1783028719.085,,,,47.8,53.4,
1783028719.133,,,,43.5,44.5,
1783028719.187,,,,49.0,53.5,
1783028719.236,,,,42.9,43.9,
1783028719.285,,,,48.8,50.8,
1783028719.339,,,,42.9,48.1,
1783028719.388,,,,49.7,53.7,
1783028719.438,,,,45.0,50.8,
1783028719.483,,,,47.3,48.3,
1783028719.542,,,,44.3,49.3,
1783028719.586,,,,47.3,48.3,
1783028719.639,,,,48.2,51.7,
1783028719.687,,,,44.6,46.6,
1783028719.737,,,,48.0,50.0,
1783028719.790,,,,43.7,48.2,
1783028719.841,,,,45.0,50.5,
1783028719.891,,,,44.5,47.5,
1783028719.942,,,,45.2,49.7,
1783028719.993,,,,48.5,54.0,
1783028720.043,,,,46.9,47.9,
1783028720.095,,,,43.2,48.6,
1783028720.144,,,,42.5,44.5,
1783028720.193,,,,47.1,49.1,
1783028720.245,,,,46.5,49.0,
1783028720.303,,,,47.0,50.5,
1783028720.350,,,,47.3,48.3,
1783028720.397,,,,45.3,47.3,
1783028720.448,,,,46.5,49.5,
1783028720.506,,,,46.1,50.7,
1783028720.552,,,,44.4,49.4,
1783028720.602,,,,46.7,50.7,
1783028720.649,,,,45.7,46.7,
1783028720.706,,,,48.5,52.0,
1783028720.754,,,,45.5,47.5,
1783028720.805,,,,46.5,50.5,
1783028720.852,,,,47.0,48.0,
1783028720.904,,,,46.0,50.5,
1783028720.956,,,,49.7,54.7,
1783028721.006,,,,51.9,57.1,
1783028721.058,,,,49.5,54.9,
1783028721.107,,,,50.3,55.8,
1783028721.157,,,,48.3,53.3,
1783028721.206,,,,46.8,48.8,
1783028721.258,,,,48.4,52.5,
1783028721.307,,,,48.0,50.0,
1783028721.361,,,,48.6,54.1,
1783028721.410,,,,47.0,52.0,
1783028721.458,,,,47.0,49.0,
1783028721.511,,,,45.8,49.5,
1783028721.563,,,,47.5,50.5,
1783028721.610,,,,49.6,49.6,
1783028721.666,,,,47.1,50.2,
1783028721.713,,,,43.4,45.4,
1783028721.767,,,,49.0,54.2,
1783028721.817,,,,43.3,47.8,
1783028721.866,,,,46.0,49.5,
1783028721.918,,,,46.4,50.4,
1783028721.970,,,,47.1,48.6,
1783028722.017,,,,49.0,51.0,
1783028722.071,,,,46.7,51.7,
1783028722.118,,,,49.9,51.9,
1783028722.169,,,,45.1,47.1,
1783028722.220,,,,51.7,55.2,
1783028722.272,,,,46.5,50.5,
1783028722.324,,,,51.4,55.4,
1783028722.375,,,,47.5,52.4,
1783028722.423,,,,48.7,49.7,
1783028722.472,,,,47.0,49.0,
1783028722.524,,,,47.9,53.4,
1783028722.573,,,,44.0,46.0,
1783028722.623,,,,48.0,49.5,
1783028722.676,,,,48.2,53.2,
1783028722.726,,,,48.0,51.0,
1783028722.774,,,,50.0,52.0,
1783028722.823,,,,47.7,49.7,
1783028722.878,,,,49.0,50.5,
1783028722.927,,,,46.0,50.0,
1783028722.978,,,,49.8,52.8,
1783028723.028,,,,43.5,48.0,
1783028723.077,,,,49.9,51.9,
1783028723.127,,,,50.4,52.7,
1783028723.183,,,,57.0,62.1,
1783028723.240,,,,52.5,62.5,
1783028723.293,,,,55.5,67.5,
1783028723.348,,,,50.7,68.4,
1783028723.399,,,,52.3,70.9,
1783028723.451,,,,52.8,70.8,
1783028723.504,,,,55.3,76.5,
1783028723.560,,,,51.1,78.2,
1783028723.611,,,,52.0,79.6,
1783028723.663,,,,55.4,83.5,
1783028723.718,,,,48.6,83.8,
1783028723.768,,,,50.2,82.4,
1783028723.818,,,,56.8,88.6,
1783028723.875,,,,55.4,93.6,
1783028723.930,,,,54.2,97.0,
1783028723.984,,,,56.9,102.0,
1783028724.041,,,,54.0,56.0,
1783028724.095,,,,46.4,51.4,
1783028724.141,,,,48.2,50.2,
1783028724.195,,,,45.0,49.5,
1783028724.246,,,,56.3,60.3,
1783028724.302,,,,60.5,68.5,
1783028724.363,,,,55.5,74.5,
1783028724.418,,,,51.1,76.1,
1783028724.469,,,,54.8,80.3,
1783028724.524,,,,53.5,80.9,
1783028724.577,,,,55.7,86.2,
1783028724.634,,,,50.7,87.7,
1783028724.685,,,,53.5,93.3,
1783028724.739,,,,60.0,99.9,
1783028724.799,,,,55.2,103.2,
1783028724.855,,,,54.7,107.5,
1783028724.909,,,,57.4,63.8,
1783028724.967,,,,52.2,64.5,
1783028725.019,,,,57.1,69.4,
1783028725.077,,,,50.5,68.4,
1783028725.128,,,,49.5,69.5,
1783028725.177,,,,53.4,72.9,
1783028725.230,,,,53.0,75.7,
1783028725.283,,,,57.2,82.5,
1783028725.341,,,,46.6,77.5,
1783028725.387,,,,48.5,75.1,
1783028725.436,,,,52.3,75.3,
1783028725.488,,,,52.8,76.0,
1783028725.541,,,,50.0,75.4,
1783028725.591,,,,50.1,73.1,
1783028725.641,,,,55.2,69.8,
1783028725.696,,,,51.5,80.8,
1783028725.748,,,,49.4,81.6,
